{
  "per_trigger_acc": {
    "gluten": 0.9529411764705882,
    "lactose": 0.9662745098039216,
    "caffeine": 0.9886274509803922,
    "highfat": 0.9870588235294118,
    "fodmap": 0.9792156862745098
  },
  "exact_match": 0.9219607843137255
}