{
  "gluten": 0.7648320198059082,
  "highfat": 0.6291163563728333,
  "lactose": 0.511418342590332,
  "fodmap": 0.2595878541469574,
  "caffeine": 0.02767958492040634
}